Type,Name,Request Count,Failure Count,Median Response Time,Average Response Time,Min Response Time,Max Response Time,Average Content Size,Requests/s,Failures/s,50%,66%,75%,80%,90%,95%,98%,99%,99.9%,99.99%,100%
POST,/request-signal,210,0,184000.0,174832.36874428563,90338.02280000002,229529.35379999998,41.77142857142857,1.0646914408921633,0.0,184000,187000,228000,229000,229000,229000,229000,229000,230000,230000,230000
,Aggregated,210,0,184000.0,174832.36874428563,90338.02280000002,229529.35379999998,41.77142857142857,1.0646914408921633,0.0,184000,187000,228000,229000,229000,229000,229000,229000,230000,230000,230000
